[
  {
    "Name": "PixelAchemy",
    "ModelUrl": "https://civitai.com/models/469255/pixel-alchemy?modelVersionId=574705",
    "ModelType": "Checkpoints",
    "ModelDownloadPath": "",
    "Downloaded": false,
    "ModelDownloadLink": "",
    "LastDownloaded": "",
    "Errors": "",
    "Enabled": false,
    "OpenPathCommand": {}
  },
  {
    "Name": "goofball_cute_anime",
    "ModelUrl": "https://civitai.com/models/53761?modelVersionId=285757",
    "ModelType": "lora",
    "ModelDownloadPath": "",
    "Downloaded": false,
    "ModelDownloadLink": "",
    "LastDownloaded": "",
    "Errors": "",
    "Enabled": false,
    "OpenPathCommand": {}
  }
]
